Date,close,adj_close,high,low,open,vol,rsi,macd
2021-03-31,19.110122680664062,19.110122680664062,20.087404251098636,18.605697631835938,19.982177734375,606283461.0,,
2021-04-01,19.644237518310547,19.644237518310547,19.85713577270508,19.01782989501953,19.11145401000977,547109425.0,,
2021-04-02,20.41268920898437,20.41268920898437,20.50772476196289,19.28300094604492,19.63121032714844,488967387.0,,
2021-04-03,20.26838111877441,20.26838111877441,22.71042251586914,20.215856552124023,20.413530349731445,1129111741.0,,
2021-04-04,21.73773193359375,21.73773193359375,22.02485466003418,19.97066307067871,20.25384521484375,675075627.0,,
2021-04-05,21.462709426879883,21.462709426879883,22.316240310668945,20.43956184387207,21.73871421813965,731003937.0,,
2021-04-06,21.77348518371582,21.77348518371582,23.22825050354004,21.12706184387207,21.48589324951172,1006022060.0,,
2021-04-07,19.58304786682129,19.58304786682129,22.146398544311523,18.898595809936523,21.709007263183597,972381407.0,,
2021-04-08,20.51900100708008,20.51900100708008,20.60095596313477,19.52180290222168,19.59065055847168,493696314.0,,
2021-04-09,21.399585723876957,21.399585723876957,21.5352725982666,20.523120880126957,20.523120880126957,427397698.0,,
2021-04-10,21.055864334106445,21.055864334106445,22.66015625,20.552091598510746,21.42182922363281,633036095.0,,
2021-04-11,23.345903396606445,23.345903396606445,23.530527114868164,20.75355339050293,21.03434944152832,596496781.0,,
2021-04-12,22.04622840881348,22.04622840881348,23.74332618713379,21.29145050048828,23.4610538482666,814213456.0,,
2021-04-13,23.86588859558105,23.86588859558105,24.870098114013672,21.41765022277832,22.01251220703125,969280253.0,,
2021-04-14,27.10128593444824,27.10128593444824,27.10128593444824,22.8746280670166,23.81595802307129,1567041643.0,74.24242424242425,
2021-04-15,27.97422218322754,27.97422218322754,28.48574447631836,26.017559051513672,27.094221115112305,1359497938.0,75.62643373919181,
2021-04-16,25.57723045349121,25.57723045349121,28.14101219177246,24.148273468017575,27.822479248046875,1003837201.0,65.21608081375612,
2021-04-17,24.64755630493164,24.64755630493164,27.51499557495117,24.586963653564453,25.5588321685791,799905822.0,61.67329132042633,
2021-04-18,21.37764358520508,21.37764358520508,25.024883270263672,17.577198028564453,24.627180099487305,1347894255.0,51.151322589037505,
2021-04-19,19.2856388092041,19.2856388092041,22.23867416381836,18.921140670776367,21.42241477966309,817680389.0,45.77581828329372,
2021-04-20,21.250104904174805,21.250104904174805,21.54713630676269,17.705320358276367,19.21009063720703,1070969900.0,50.97867494546694,
2021-04-21,19.63514709472656,19.63514709472656,21.46721076965332,19.39911651611328,21.276073455810547,695415700.0,46.990168105595586,
2021-04-22,18.77232551574707,18.77232551574707,21.510412216186523,18.64439582824707,19.57815361022949,817952267.0,44.96637133138504,
2021-04-23,20.477582931518555,20.477582931518555,20.494558334350582,16.714595794677734,18.77873420715332,1022942872.0,49.613223127506906,
2021-04-24,18.39421272277832,18.39421272277832,20.512914657592773,18.378677368164062,20.501895904541016,472708341.0,44.67216891307834,
2021-04-25,18.650671005249023,18.650671005249023,19.632747650146484,17.74521827697754,18.43621826171875,440210763.0,45.404111159169574,-0.37919379705724765
2021-04-26,22.0742301940918,22.0742301940918,22.764612197875977,18.51039123535156,18.701717376708984,752531946.0,54.020659817665084,-0.2331452179415443
2021-04-27,23.04837226867676,23.04837226867676,23.41724395751953,21.76339530944824,22.096216201782227,588246765.0,56.13521823971075,-0.03835342814962317
2021-04-28,22.956918716430664,22.956918716430664,24.115100860595703,21.837623596191406,23.047273635864254,664789988.0,55.878440901570656,0.10740285801130511
2021-04-29,22.12502670288086,22.12502670288086,22.968994140625,21.187049865722656,22.968994140625,504570591.0,53.45020477165,0.15401365824724422
2021-04-30,22.72773551940918,22.72773551940918,23.4158878326416,21.74995422363281,22.212804794311523,530264907.0,54.97346127585733,0.23685628586743945
2021-05-01,23.819658279418945,23.819658279418945,24.471147537231445,22.466110229492188,22.7236328125,604499347.0,57.68261717649353,0.3861672110308483
2021-05-02,23.09726333618164,23.09726333618164,23.932411193847656,22.34564208984375,23.796520233154297,449119707.0,55.31506508113157,0.441120992128198
2021-05-03,22.96747589111328,22.96747589111328,23.75726890563965,22.460166931152344,23.08909797668457,481400618.0,54.87709820574974,0.46879551455367974
2021-05-04,21.04228782653809,21.04228782653809,23.316654205322266,20.92245101928711,22.952152252197266,677921085.0,48.71083508828966,0.3315591778035021
2021-05-05,24.7627067565918,24.7627067565918,24.78329849243164,20.62775611877441,20.96499252319336,813419448.0,58.41101065221005,0.5170449348519135
2021-05-06,25.533275604248047,25.533275604248047,27.041431427001957,24.32396697998047,24.851259231567383,1302592314.0,60.09341729733446,0.7179461632943038
2021-05-07,28.74724769592285,28.74724769592285,32.136863708496094,25.01896858215332,25.526840209960938,2221425535.0,66.22708382796341,1.1235509260731469
2021-05-08,29.43515014648437,29.43515014648437,31.420076370239254,26.90652656555176,28.61167907714844,1373994440.0,67.38743467861977,1.4834038453768876
2021-05-09,28.7795524597168,28.7795524597168,29.95605087280273,26.53253746032715,29.482372283935547,930674662.0,65.08400703544064,1.696136615170417
2021-05-10,25.336286544799805,25.336286544799805,29.85805320739746,23.86926651000977,28.71030044555664,937692559.0,54.6068801059732,1.5688019132184614
2021-05-11,26.905967712402344,26.905967712402344,27.05516624450684,23.872159957885746,25.34478187561035,733948641.0,57.93511181598331,1.5763769046805969
2021-05-12,22.67820930480957,22.67820930480957,27.76502990722656,22.67820930480957,26.879535675048828,802785055.0,47.77208414724358,1.227090236933492
2021-05-13,23.54801368713379,23.54801368713379,25.2895450592041,21.951927185058597,22.99891471862793,874404509.0,49.72549081783672,1.0088347615115296
2021-05-14,25.76825714111328,25.76825714111328,25.76825714111328,23.42725944519043,23.53669548034668,674797919.0,54.41111396301756,1.0034536273928367
2021-05-15,24.57972526550293,24.57972526550293,28.685510635375977,24.48514938354492,25.836841583251957,1606586942.0,51.63314878219917,0.8929906105572201
2021-05-16,24.323753356933597,24.323753356933597,26.59406471252441,22.754959106445312,24.46285629272461,1001590225.0,51.020244318128945,0.7758495692125926
2021-05-17,21.10904312133789,21.10904312133789,24.28079605102539,20.68576431274414,24.28079605102539,884150005.0,44.065526617208306,0.41878668817754416
2021-05-18,22.82376289367676,22.82376289367676,23.35721778869629,20.86216163635254,21.05204963684082,628851420.0,48.122410019659824,0.27105083230329186
2021-05-19,13.937352180480955,13.937352180480955,23.493314743041992,9.872891426086426,22.8552188873291,1229910772.0,34.224706587525134,-0.5566729957995982
2021-05-20,16.998430252075195,16.998430252075195,17.355026245117188,12.266738891601562,13.786225318908691,848745790.0,40.585250960118074,-0.9546421546043184
2021-05-21,13.562067985534668,13.562067985534668,17.58556365966797,11.409685134887695,16.936059951782227,651112786.0,36.33181160029964,-1.5296880050773005
2021-05-22,12.237845420837402,12.237845420837402,13.67832088470459,11.571541786193848,13.59481143951416,438907434.0,34.82365468618103,-2.068426149439933
2021-05-23,11.738483428955078,11.738483428955078,13.111932754516602,8.582878112792969,12.249306678771973,706855397.0,34.243796044043805,-2.5067777758634904
2021-05-24,14.442593574523926,14.442593574523926,14.442593574523926,11.158857345581056,11.68691062927246,568781724.0,40.04906311433138,-2.6059359014677526
2021-05-25,13.910778045654297,13.910778045654297,14.924924850463867,12.455134391784668,14.51482391357422,484822530.0,39.31531994145008,-2.696350647176164
2021-05-26,15.263936042785645,15.263936042785645,15.653081893920898,13.649771690368652,13.948357582092283,411442619.0,42.219194721771316,-2.628516540513573
2021-05-27,14.419513702392578,14.419513702392578,15.319381713867188,13.617877960205078,15.273771286010742,317841306.0,40.907502378006576,-2.6127768824985793
2021-05-28,12.7180814743042,12.7180814743042,14.583436965942385,12.037549018859863,14.50191593170166,349062685.0,38.31317655879605,-2.706396793901309
2021-05-29,12.068324089050291,12.068324089050291,14.36886978149414,11.39976692199707,12.699146270751951,352176882.0,37.338134634726266,-2.8007360966000405
2021-05-30,12.588836669921877,12.588836669921877,13.109413146972656,11.328451156616213,12.048484802246094,240724030.0,38.682551263729316,-2.801209064096753
2021-05-31,13.994121551513672,13.994121551513672,13.994121551513672,11.921459197998049,12.567075729370115,264741804.0,42.29768404539218,-2.6575545145829054
2021-06-01,13.757417678833008,13.757417678833008,14.525049209594728,13.389801025390623,13.973799705505373,249500250.0,41.84544796279607,-2.5336014925328154
2021-06-02,14.852792739868164,14.852792739868164,15.316123962402344,13.59825038909912,13.755188941955566,271173287.0,44.76061588417416,-2.3202340032368305
2021-06-03,16.63729476928711,16.63729476928711,17.18621826171875,14.666812896728516,14.854878425598145,424392229.0,49.19842895749797,-1.9842708910058544
2021-06-04,15.08472728729248,15.08472728729248,17.08243751525879,14.07182502746582,16.660415649414062,358169132.0,45.75157704401154,-1.822290691770263
2021-06-05,14.873798370361328,14.873798370361328,16.334707260131836,14.29349422454834,15.084166526794434,296675573.0,45.288628376746345,-1.6914425211640047
2021-06-06,15.098883628845217,15.098883628845217,15.40638542175293,14.516205787658691,14.882736206054688,179969374.0,45.933903627680536,-1.551694930739714
2021-06-07,13.414450645446776,13.414450645446776,15.784473419189451,13.318716049194336,15.110819816589355,243486315.0,42.03416122745448,-1.5588936670517306
2021-06-08,13.630867004394531,13.630867004394531,13.813986778259276,12.0754976272583,13.462042808532717,343761380.0,42.71997132424487,-1.5295045495789665
2021-06-09,13.93913459777832,13.93913459777832,14.011560440063477,12.624049186706545,13.578248977661133,294948281.0,43.73022542471028,-1.4644574894135207
2021-06-10,12.808160781860352,12.808160781860352,14.052533149719238,12.588187217712402,13.94008445739746,233579975.0,40.898591054731604,-1.4870258522128115
2021-06-11,11.937148094177246,11.937148094177246,12.93760108947754,11.57639217376709,12.837496757507324,204520314.0,38.81469009570588,-1.557243947985123
2021-06-12,11.618664741516112,11.618664741516112,12.052470207214355,10.935870170593262,11.95213222503662,206405161.0,38.0467944434,-1.6199178352214663
2021-06-13,12.500146865844728,12.500146865844728,12.514607429504396,11.31865406036377,11.630677223205566,211088943.0,41.47573108194347,-1.5802430436770436
2021-06-14,12.611080169677734,12.611080169677734,13.391229629516602,12.243582725524902,12.522619247436523,220702152.0,41.908546395172415,-1.5223009571905806
2021-06-15,13.360295295715332,13.360295295715332,13.569645881652832,12.66801929473877,13.350577354431152,239421957.0,44.90058289256352,-1.3997901277273552
2021-06-16,13.381440162658691,13.381440162658691,13.443986892700195,12.374024391174316,12.95695972442627,247739768.0,44.98196204403785,-1.286167065369204
2021-06-17,13.600367546081545,13.600367546081545,14.58034896850586,13.302634239196776,13.408014297485352,338386824.0,45.928015828957186,-1.165024680338412
2021-06-18,12.42953395843506,12.42953395843506,13.62718391418457,11.985255241394045,13.62718391418457,217822614.0,41.81042510827379,-1.1502357511340815
2021-06-19,11.941557884216309,11.941557884216309,12.71294403076172,11.858331680297852,12.455047607421877,161619799.0,40.18551286854378,-1.1644677498303722
2021-06-20,12.013412475585938,12.013412475585938,12.39457893371582,11.066067695617676,11.907776832580566,199179692.0,40.54102090143239,-1.156615898217293
2021-06-21,9.5482759475708,9.5482759475708,12.110647201538086,9.505234718322754,11.990110397338867,280693157.0,33.07167147598054,-1.3339324224279991
2021-06-22,8.97330093383789,8.97330093383789,10.564127922058104,7.892530918121338,9.523463249206545,349942695.0,31.62368929938765,-1.5035210687321392
2021-06-23,10.097492218017578,10.097492218017578,10.4854097366333,8.589035987854004,8.973301887512207,251604609.0,37.42145160224146,-1.5295764462298003
2021-06-24,10.33978271484375,10.33978271484375,10.698802947998049,9.04434299468994,9.617668151855469,208460652.0,38.6224493623924,-1.5132311160753975
2021-06-25,9.14111042022705,9.14111042022705,10.686299324035645,8.886066436767578,10.364562034606934,222812684.0,35.00500738468436,-1.5788007285896573
2021-06-26,9.543618202209473,9.543618202209473,9.543618202209473,8.664331436157227,9.084310531616213,168977556.0,37.11919386307378,-1.580072018138246
2021-06-27,10.049683570861816,10.049683570861816,10.070964813232422,9.431144714355469,9.594451904296877,176367570.0,39.80762987779952,-1.5226916370301087
2021-06-28,10.84878158569336,10.84878158569336,10.867974281311035,9.927268981933594,10.07042407989502,159345728.0,43.86217101694824,-1.3966371761522112
2021-06-29,11.5797119140625,11.5797119140625,12.855107307434082,10.837591171264648,10.88523006439209,307562253.0,47.34744763107997,-1.2236526330172648
2021-06-30,12.00351619720459,12.00351619720459,12.03083610534668,11.043001174926758,11.635394096374512,224159230.0,49.297827999628886,-1.0403709241222288
2021-07-01,11.11038875579834,11.11038875579834,12.045854568481444,10.723462104797363,12.030936241149902,178901287.0,45.45535893860065,-0.9561646982440273
2021-07-02,11.764925003051758,11.764925003051758,11.764925003051758,10.54393482208252,11.048080444335938,189141785.0,48.606028155111105,-0.827080977923293
2021-07-03,11.817927360534668,11.817927360534668,12.198275566101074,11.540298461914062,11.791033744812012,155131665.0,48.85078285703586,-0.7122934764719631
2021-07-04,12.263547897338867,12.263547897338867,12.433964729309082,11.520692825317385,11.799600601196287,144917699.0,51.107555485592364,-0.5786948672539562
2021-07-05,13.54847526550293,13.54847526550293,13.968271255493164,11.955753326416016,12.32043743133545,448935802.0,56.92882460836427,-0.36492745040905206
2021-07-06,13.159371376037598,13.159371376037598,14.02042007446289,12.823983192443848,13.558098793029783,253782183.0,54.78838136301132,-0.22432676514137206
2021-07-07,12.926385879516602,12.926385879516602,13.502900123596191,12.867369651794434,13.152386665344238,187303006.0,53.5105922895759,-0.1301988403362735
2021-07-08,11.928683280944824,11.928683280944824,12.97326374053955,11.676560401916504,12.948446273803713,218759897.0,48.24245649299838,-0.1345569545165084
2021-07-09,13.164698600769045,13.164698600769045,13.676865577697754,11.452062606811523,11.897356033325195,352858875.0,54.25633351947396,-0.03783850615873163
2021-07-10,14.400946617126465,14.400946617126465,14.470033645629885,12.978999137878418,13.180739402770996,306607704.0,59.34370415346178,0.13698733937127194
2021-07-11,14.06259536743164,14.06259536743164,14.798059463500977,13.890226364135742,14.422582626342772,287307208.0,57.45681717666843,0.24540706350748387
2021-07-12,13.04565715789795,13.04565715789795,14.121153831481934,12.79646110534668,14.071731567382812,219484347.0,52.10438192039233,0.2464313541527403
2021-07-13,12.11347198486328,12.11347198486328,13.720132827758787,11.820597648620604,13.007965087890623,271558471.0,47.737817440724584,0.17006317656260883
2021-07-14,11.74942111968994,11.74942111968994,12.216387748718262,11.101200103759766,12.09416675567627,280223308.0,46.12635925142407,0.07925142223671067
2021-07-15,11.431245803833008,11.431245803833008,12.06174087524414,10.668848037719728,11.742941856384276,221625899.0,44.68249598211093,-0.01818204492158948
2021-07-16,11.179139137268066,11.179139137268066,13.16767120361328,11.00279140472412,11.46371841430664,475576410.0,43.53592902563974,-0.1144226772653596
2021-07-17,11.000161170959473,11.000161170959473,11.4873685836792,10.73523235321045,11.136967658996582,291508555.0,42.68661001981721,-0.20279836456483658
2021-07-18,10.983057975769045,10.983057975769045,11.541192054748535,10.787871360778809,11.028285026550291,191622808.0,42.58719677378502,-0.27109184038942047
2021-07-19,9.958948135375977,9.958948135375977,11.069626808166504,9.943758010864258,10.981086730957031,191110164.0,37.75759057287238,-0.40320413104813646
2021-07-20,9.485713958740234,9.485713958740234,10.143948554992676,8.981195449829102,9.978897094726562,213335723.0,35.745987305139366,-0.5398668670958706
2021-07-21,10.41718578338623,10.41718578338623,10.701629638671877,9.148180961608888,9.458795547485352,223323066.0,42.29697000050442,-0.5664810376219549
2021-07-22,11.377148628234863,11.377148628234863,11.60968017578125,10.19018268585205,10.449691772460938,236098229.0,48.17119237196925,-0.5042987387285738
2021-07-23,11.459868431091309,11.459868431091309,11.529685020446776,10.696148872375488,11.37912368774414,207990694.0,48.64041260160603,-0.44323468849901637
2021-07-24,11.452106475830078,11.452106475830078,11.772867202758787,11.103378295898438,11.442123413085938,190731861.0,48.581206222700025,-0.3909605636562521
2021-07-25,11.451760292053224,11.451760292053224,11.619810104370115,10.990704536437988,11.433392524719238,147996396.0,48.581206222700025,-0.3455772775006043
2021-07-26,11.408082008361816,11.408082008361816,12.42879581451416,11.317347526550291,11.457887649536133,300857091.0,48.30841936957382,-0.30956667676144
2021-07-27,11.71359157562256,11.71359157562256,11.804259300231934,11.046357154846191,11.389018058776855,189534096.0,50.62245998652831,-0.25345428418703264
2021-07-28,11.558524131774902,11.558524131774902,11.940781593322754,11.402820587158203,11.729814529418944,174680432.0,49.39342766944817,-0.21897326804180217
2021-07-29,11.761094093322754,11.761094093322754,11.86581325531006,11.344083786010742,11.587150573730469,162930702.0,50.995030674480574,-0.17330337791232786
2021-07-30,12.150323867797852,12.150323867797852,12.179146766662598,11.45052719116211,11.790026664733888,200899899.0,54.048983801532934,-0.10449748907313428
2021-07-31,12.606651306152344,12.606651306152344,12.929017066955566,11.886401176452637,12.134798049926758,222533204.0,57.4196042197094,-0.012996698016163322
2021-08-01,12.362028121948242,12.362028121948242,13.436609268188477,12.168940544128418,12.5922212600708,245887570.0,55.146744157482736,0.03932596630012242
2021-08-02,12.48671817779541,12.48671817779541,12.75876522064209,12.13736057281494,12.337005615234377,152332464.0,56.082800159254724,0.08981813264057337
2021-08-03,12.088598251342772,12.088598251342772,12.65121841430664,11.80132293701172,12.484599113464355,151997151.0,52.17415109757989,0.09659509922857445
2021-08-04,12.787025451660156,12.787025451660156,12.899202346801758,11.970274925231934,12.130176544189451,162612241.0,57.72662633245498,0.15651887992280145
2021-08-05,13.024024963378906,13.024024963378906,13.23369026184082,12.42280387878418,12.809976577758787,173243197.0,59.46426656378403,0.2205899639665212
2021-08-06,13.580483436584473,13.580483436584473,14.029067039489746,12.749424934387209,13.027756690979004,216995434.0,63.259191043288546,0.31266411070701317
2021-08-07,14.007085800170898,14.007085800170898,14.355697631835938,13.503884315490724,13.587798118591309,238357531.0,65.89914009092408,0.415269808972619
2021-08-08,13.132248878479004,13.132248878479004,14.23318862915039,13.022116661071776,14.011722564697266,184762254.0,56.97854786263505,0.4211389086301054
2021-08-09,13.682089805603027,13.682089805603027,14.045787811279297,12.682920455932615,13.13365364074707,199694997.0,60.60883430172896,0.4647998565809903
2021-08-10,14.0942964553833,14.0942964553833,14.39093017578125,13.482488632202148,13.654507637023926,203421288.0,63.10799367875987,0.5265928692704982
2021-08-11,14.599297523498535,14.599297523498535,15.436572074890137,14.0933837890625,14.105074882507324,295822061.0,65.99782700585459,0.6092901254521497
2021-08-12,14.038819313049316,14.038819313049316,15.190936088562012,13.579047203063965,14.577252388000488,226821270.0,60.402824299899,0.6224274333027662
2021-08-13,15.207443237304688,15.207443237304688,15.33924388885498,13.876954078674316,14.080224990844728,211782999.0,66.74588143574917,0.7188505666499445
2021-08-14,15.551835060119627,15.551835060119627,15.774909973144531,14.772839546203612,15.214158058166504,253369604.0,68.3333818127637,0.8136765793071881
2021-08-15,15.904951095581056,15.904951095581056,15.948776245117188,14.906451225280762,15.547223091125488,209900288.0,69.92503115119003,0.9068665968468839
2021-08-16,15.853260040283203,15.853260040283203,16.663204193115234,15.51346492767334,15.920488357543944,302192014.0,69.38846946408272,0.9654205537918674
2021-08-17,15.994036674499512,15.994036674499512,17.460874557495117,15.106542587280272,15.805852890014648,524439835.0,70.0807473304499,1.0115242623467378
2021-08-18,17.997228622436523,17.997228622436523,18.571720123291016,15.0205717086792,16.018762588500977,603168957.0,77.80342636729699,1.195916847376477
2021-08-19,18.68208122253418,18.68208122253418,20.38955307006836,17.82611083984375,17.974475860595703,1119841099.0,79.72009389210872,1.3813874066254996
2021-08-20,18.921852111816406,18.921852111816406,19.983272552490234,18.36160087585449,18.6899471282959,552178859.0,80.3645433500771,1.5300838142234525
2021-08-21,22.094785690307617,22.094785690307617,23.9082088470459,18.547203063964844,18.93079376220703,1462984615.0,86.47712487335602,1.882258506617461
2021-08-22,21.857561111450195,21.857561111450195,24.63553047180176,21.01974105834961,22.092634201049805,1123896203.0,84.33652246026885,2.1178047122410373
2021-08-23,21.83125305175781,21.83125305175781,23.078275680541992,21.307138442993164,21.85965347290039,688583020.0,84.0564306507851,2.2761162849650596
2021-08-24,19.62464714050293,19.62464714050293,22.00316429138184,19.259340286254883,21.84870338439941,583030847.0,66.52794073696641,2.198185378538021
2021-08-25,19.973630905151367,19.973630905151367,20.83907890319824,18.65480232238769,19.606836318969727,487821905.0,67.67751940477828,2.139917015656451
2021-08-26,17.97055435180664,17.97055435180664,20.31463432312012,17.84245491027832,20.050037384033203,392383314.0,55.86948595785069,1.9100890630960237
2021-08-27,20.45987701416016,20.45987701416016,20.56250762939453,17.28614044189453,17.998350143432617,515807868.0,64.23582388356394,1.9068354771683786
2021-08-28,21.336055755615234,21.336055755615234,21.42242431640625,19.552173614501957,20.449079513549805,479810304.0,66.64270815587327,1.9524506530144343
2021-08-29,21.201059341430664,21.201059341430664,22.393754959106445,20.369121551513672,21.326814651489254,580881094.0,65.93674851250066,1.9551699440356352
2021-08-30,22.100242614746094,22.100242614746094,23.843788146972656,19.588773727416992,21.238431930541992,804287512.0,68.43010414690022,2.0067490235442342
2021-08-31,22.87209892272949,22.87209892272949,26.16587829589844,21.6609001159668,22.235107421875,1577705190.0,70.42472268581909,2.085863631504985
2021-09-01,25.351999282836918,25.351999282836918,25.86000061035156,22.21312141418457,22.859718322753903,1193791537.0,75.7409759877915,2.3219042945995554
2021-09-02,24.14425468444824,24.14425468444824,25.729875564575195,23.557836532592773,25.41722679138184,584369889.0,69.2046942024754,2.384031691801056
2021-09-03,24.135107040405277,24.135107040405277,24.92059135437012,23.25639533996582,24.167800903320312,572774475.0,69.15158114561915,2.4048088240802663
2021-09-04,24.43427085876465,24.43427085876465,25.44981002807617,23.78592300415039,24.09706115722656,508371518.0,69.89797389109009,2.4175468952897425
2021-09-05,25.75535774230957,25.75535774230957,26.19687271118164,23.863168716430664,24.42967987060547,557060987.0,72.99417594465257,2.505362321901437
2021-09-06,25.11659240722656,25.11659240722656,27.025405883789062,24.00089836120605,25.73551750183105,706889107.0,69.27374734906158,2.494656805229887
2021-09-07,20.905874252319336,20.905874252319336,27.383758544921875,17.690420150756836,25.079391479492188,1164299220.0,50.89653026901384,2.12194241023559
2021-09-08,20.52924346923828,20.52924346923828,21.8959903717041,18.58893585205078,20.94017219543457,726604519.0,49.61706552379283,1.7757034068434443
2021-09-09,27.003868103027344,27.003868103027344,28.439098358154297,20.38021850585937,21.967973709106445,2054203891.0,65.51337249540887,2.0006918689114777
2021-09-10,29.44214630126953,29.44214630126953,30.4116153717041,24.73977851867676,26.855859756469727,3009211971.0,69.43052908779153,2.3486714961019146
2021-09-11,27.28606605529785,27.28606605529785,30.89623641967773,26.875486373901367,29.4107608795166,1505635156.0,62.64681111161033,2.4225446146368306
2021-09-12,34.999603271484375,34.999603271484375,35.18931579589844,26.0811767578125,27.340320587158203,2438022040.0,72.84550147832293,3.068139974157564
2021-09-13,35.62862014770508,35.62862014770508,38.78440475463867,30.37861633300781,35.14439392089844,4260699810.0,73.48261707620583,3.5891617305842054
2021-09-14,34.104835510253906,34.104835510253906,37.80987548828125,32.923301696777344,35.87953186035156,2283709519.0,69.26032110060474,3.8349120617704067
2021-09-15,34.13190460205078,34.13190460205078,35.2524299621582,32.77739334106445,34.21800994873047,1218948791.0,69.29781802522108,3.9859081512274948
2021-09-16,36.90579605102539,36.90579605102539,36.9850959777832,31.423816680908203,34.070796966552734,1711114838.0,72.6189737689004,4.280065565948512
2021-09-17,33.41331481933594,33.41331481933594,37.96812438964844,32.544830322265625,37.1954460144043,1571897232.0,63.32455029180372,4.183152609530225
2021-09-18,40.8543701171875,40.8543701171875,41.33681106567383,32.720977783203125,33.45199966430664,2474432402.0,71.65370373174913,4.65314085707066
2021-09-19,44.54278945922852,44.54278945922852,44.59090423583984,38.03097915649414,40.67898941040039,2599703217.0,74.72016676538418,5.262570903288573
2021-09-20,33.7921142578125,33.7921142578125,44.69552612304688,33.42420959472656,44.27964401245117,3491916010.0,55.78641605873967,4.822468548465562
2021-09-21,30.442258834838867,30.442258834838867,37.19893646240234,29.117706298828125,34.0212516784668,2821419021.0,51.41418779097012,4.155477170649455
2021-09-22,39.983848571777344,39.983848571777344,39.983848571777344,29.41027069091797,30.441125869750977,2863204890.0,60.829272903512376,4.34670217079832
2021-09-23,41.51523208618164,41.51523208618164,43.352088928222656,38.9507064819336,39.82741165161133,2778779661.0,62.09782033017575,4.569148908009332
2021-09-24,42.79362106323242,42.79362106323242,44.27143859863281,36.25349807739258,41.5325813293457,3179435315.0,63.17235935934499,4.793340214158647
2021-09-25,39.51508712768555,39.51508712768555,43.03824615478516,38.9431037902832,42.64695358276367,1603838880.0,58.58862078474814,4.652828243045015
2021-09-26,39.619590759277344,39.619590759277344,41.65408706665039,35.61772155761719,39.53430938720703,1781195738.0,58.68704226027435,4.498053304743429
2021-09-27,37.34105682373047,37.34105682373047,40.75326919555664,36.77465057373047,39.99024963378906,1237073650.0,55.45110627265649,4.143767631104616
2021-09-28,33.668216705322266,33.668216705322266,37.82453918457031,33.42543029785156,37.27649688720703,1080352014.0,50.613403898231944,3.5259808673139545
2021-09-29,33.950531005859375,33.950531005859375,36.67151641845703,32.82013702392578,33.74567794799805,1083210669.0,50.964893679111505,3.024298579289315
2021-09-30,36.21210861206055,36.21210861206055,36.24826431274414,33.562400817871094,33.91169357299805,1045214587.0,53.82167424712428,2.777188463761391
2021-10-01,37.83725738525391,37.83725738525391,38.525978088378906,34.86692428588867,36.23332977294922,1118932399.0,55.820849958160615,2.6815762985881477
2021-10-02,38.75696563720703,38.75696563720703,41.575626373291016,37.21982192993164,37.87630462646485,1163131664.0,56.95360111832283,2.6494742485530907
2021-10-03,38.79066467285156,38.79066467285156,40.75167465209961,37.86341094970703,38.6590461730957,941369104.0,56.99232520942701,2.596817873180413
2021-10-04,36.71744155883789,36.71744155883789,38.78678131103516,36.09976959228516,38.77872085571289,931680967.0,53.421302174587176,2.360584192517763
2021-10-05,36.73034286499024,36.73034286499024,38.21076202392578,35.54498291015625,36.79364776611328,822596607.0,53.436480938583024,2.1496287441416015
2021-10-06,35.21102523803711,35.21102523803711,36.8633041381836,33.107078552246094,36.78799057006836,944279330.0,50.730371361697415,1.8386539383447342
2021-10-07,36.7275619506836,36.7275619506836,37.96220397949219,33.85631561279297,35.187137603759766,896248233.0,53.278431232949494,1.695036675115631
2021-10-08,34.9835205078125,34.9835205078125,36.82984924316406,34.84238815307617,36.67988586425781,609634575.0,50.08520188665234,1.4240735569137541
2021-10-09,35.21779251098633,35.21779251098633,36.11756896972656,34.69862747192383,34.97613525390625,430258089.0,50.50746356133954,1.2142401220297074
2021-10-10,32.51460266113281,32.51460266113281,35.156620025634766,32.21000671386719,35.156620025634766,507166673.0,45.62767202384934,0.8203641366247751
2021-10-11,32.06940078735352,32.06940078735352,34.376583099365234,31.0786247253418,32.45927810668945,492104128.0,44.84992058766798,0.46690828192769374
2021-10-12,33.47243881225586,33.47243881225586,34.28524398803711,29.970258712768555,32.05174255371094,796712428.0,47.82938804868051,0.2965865483888166
2021-10-13,34.64904022216797,34.64904022216797,34.85603332519531,31.70282745361328,33.48654556274414,826055320.0,50.26813053707217,0.25362363260760645
2021-10-14,33.776123046875,33.776123046875,35.67081451416016,33.50934982299805,34.55120849609375,630851084.0,48.469146480154826,0.14743851215613546
2021-10-15,33.010196685791016,33.010196685791016,34.1107292175293,32.33723449707031,33.82337951660156,540449646.0,46.8703651318421,0.0014652919762738748
2021-10-16,33.13948059082031,33.13948059082031,34.588191986083984,32.92611312866211,33.057376861572266,408699633.0,47.18710373448083,-0.10260464356944254
2021-10-17,32.414329528808594,32.414329528808594,34.23774337768555,31.263978958129883,33.11051940917969,341176935.0,45.545115050378726,-0.24081844253560547
2021-10-18,31.88578224182129,31.88578224182129,32.65892791748047,31.16119956970215,32.44316101074219,314313731.0,44.3387791255361,-0.3885245535931432
2021-10-19,35.12923812866211,35.12923812866211,35.32558822631836,31.47491455078125,31.875383377075195,888355653.0,52.603473481739975,-0.24108386269544013
2021-10-20,35.88064956665039,35.88064956665039,36.85845184326172,33.58772659301758,35.00303268432617,660144750.0,54.29522502327982,-0.06287860425863556
2021-10-21,34.32960510253906,34.32960510253906,36.777862548828125,33.99418258666992,35.9307975769043,636078616.0,50.2993869927115,-0.04627257721578104
2021-10-22,34.04154586791992,34.04154586791992,36.12831115722656,33.65745544433594,34.337520599365234,732105079.0,49.56442097593842,-0.05571391859380981
2021-10-23,35.77384567260742,35.77384567260742,37.17789077758789,33.83844757080078,34.06044387817383,704748713.0,53.89262525609691,0.0757130937328796
2021-10-24,34.29521560668945,34.29521560668945,36.04771041870117,33.515602111816406,35.76334381103516,443779637.0,49.94392890500405,0.05986675233459948
2021-10-25,35.2713737487793,35.2713737487793,35.56317138671875,34.16328048706055,34.28302383422852,441138743.0,52.429418245255775,0.12463945058146919
2021-10-26,43.21639251708984,43.21639251708984,43.21639251708984,35.08609771728516,35.28850555419922,2044194947.0,66.82182387906239,0.8077575694653945
2021-10-27,36.76237106323242,36.76237106323242,43.03184127807617,35.352935791015625,42.89068984985352,1821222439.0,52.850913782060566,0.8189081441298143
2021-10-28,38.06586456298828,38.06586456298828,40.4296875,36.2313346862793,36.704734802246094,1057682437.0,54.897704053039874,0.9222944502533394
2021-10-29,39.417236328125,39.417236328125,40.98020935058594,38.042213439941406,38.14330673217773,836395325.0,56.985967663125216,1.1005863756287937
2021-10-30,37.27088165283203,37.27088165283203,39.53432083129883,36.359519958496094,39.48386764526367,538716368.0,52.79361824291243,1.0565123102941314
2021-10-31,37.26321792602539,37.26321792602539,37.73995971679688,35.359283447265625,37.3199577331543,496362895.0,52.77417103805572,1.0093299696707874
2021-11-01,37.35795593261719,37.35795593261719,38.16005325317383,34.83292388916016,37.232906341552734,641024625.0,52.942180890422975,0.9684188603672723
2021-11-02,37.06620788574219,37.06620788574219,38.29990768432617,36.34896469116211,37.28810501098633,589565702.0,52.296573392061994,0.9020565361153245
2021-11-03,38.41892623901367,38.41892623901367,38.63155364990234,35.66334533691406,37.10294342041016,779063904.0,55.044886985942,0.9476925719496663
2021-11-04,37.51663589477539,37.51663589477539,39.22392654418945,36.26119995117188,38.494930267333984,673952982.0,52.858509981920896,0.9006698082116884
2021-11-05,36.902591705322266,36.902591705322266,38.967430114746094,36.43701553344727,37.54377746582031,520572680.0,51.369207407231556,0.8045809860878279
2021-11-06,36.29985046386719,36.29985046386719,37.0654411315918,34.38180923461914,36.85631561279297,452985267.0,49.88051474117606,0.672046784409325
2021-11-07,35.71665954589844,35.71665954589844,36.51116943359375,35.537322998046875,36.28559875488281,333070230.0,48.41973081577222,0.514028441667584
2021-11-08,36.69716644287109,36.69716644287109,36.97428894042969,35.08503723144531,35.74509811401367,500178418.0,51.02933033185932,0.46258409720771
2021-11-09,35.83833312988281,35.83833312988281,37.97031784057617,35.64511489868164,36.65800857543945,594546081.0,48.700792254628915,0.34849616592860144
2021-11-10,32.11206817626953,32.11206817626953,37.230072021484375,28.679147720336918,35.82075881958008,1007570548.0,40.144516533771935,-0.04211233682536175
2021-11-11,33.07774353027344,33.07774353027344,34.02692413330078,31.734346389770508,32.1115837097168,579778140.0,42.95150434798358,-0.27063079550892155
2021-11-12,32.03732681274414,32.03732681274414,33.000694274902344,30.696510314941406,33.000694274902344,507763890.0,40.74522936990751,-0.5295815677219267
2021-11-13,32.54866409301758,32.54866409301758,33.157745361328125,31.966339111328125,32.06351089477539,327223307.0,42.31018464157602,-0.6856376709698822
2021-11-14,31.88081169128418,31.88081169128418,33.20924377441406,31.15349769592285,32.537635803222656,257485799.0,40.78619806423992,-0.8533662890833966
2021-11-15,31.43201065063477,31.43201065063477,33.684600830078125,31.37019920349121,31.92438507080078,426592370.0,39.75057426331709,-1.0108544200323024
2021-11-16,28.41158103942871,28.41158103942871,31.506689071655277,27.608551025390625,31.506689071655277,705372145.0,33.586922140832485,-1.3636688002163169
2021-11-17,29.371543884277344,29.371543884277344,29.59309959411621,27.28382873535156,28.378145217895508,572909761.0,36.93453544072882,-1.5479717053273632
2021-11-18,26.643613815307617,26.643613815307617,29.8071231842041,25.479808807373047,29.396114349365234,534427705.0,31.995455340594418,-1.8923405201859964
2021-11-19,28.141193389892575,28.141193389892575,28.563631057739254,26.069015502929688,26.606046676635746,392472558.0,36.98191091080648,-2.0211149757899918
2021-11-20,29.418760299682617,29.418760299682617,29.83747100830078,27.91409683227539,28.14740753173828,330936171.0,40.96025106059146,-1.9970598245473035
2021-11-21,31.03998565673828,31.03998565673828,32.0213737487793,28.375167846679688,29.408432006835938,520711272.0,45.63785052934778,-1.8261261610501975
2021-11-22,32.06854248046875,32.06854248046875,33.74714279174805,29.04936790466309,30.936336517333984,1163526738.0,48.43515133559922,-1.5893431035847847
2021-11-23,32.13010025024414,32.13010025024414,33.19845962524414,30.774879455566406,32.16203308105469,769951942.0,48.60107003589385,-1.3808065486815373
2021-11-24,30.41471290588379,30.41471290588379,32.13692855834961,29.32062530517578,32.13692855834961,736511403.0,44.2095068119229,-1.3385275368552385
2021-11-25,29.78664970397949,29.78664970397949,30.919469833374023,29.295320510864254,29.625293731689453,485274194.0,42.6879932303595,-1.3402509877203954
2021-11-26,26.933250427246094,26.933250427246094,30.283815383911133,25.34421157836914,29.76451873779297,704813229.0,36.55834340038898,-1.55394934893285
2021-11-27,26.786035537719727,26.786035537719727,28.073638916015625,26.49930953979492,27.071277618408203,371368644.0,36.26320400602252,-1.7154116533329393
2021-11-28,27.404687881469727,27.404687881469727,27.60895538330078,24.942890167236328,26.807395935058597,350309894.0,38.47417592609344,-1.773013423907564
2021-11-29,28.125825881958008,28.125825881958008,28.421823501586918,26.78239250183105,27.436737060546875,343899962.0,41.03236251335656,-1.7404110569523468
2021-11-30,27.54965591430664,27.54965591430664,29.36441802978516,27.06463623046875,28.11861038208008,426520757.0,39.60382359638232,-1.7409964243419296
2021-12-01,26.70943069458008,26.70943069458008,28.268369674682617,26.32844352722168,27.497737884521484,395184173.0,37.56408575801316,-1.7886411436784329
2021-12-02,28.375083923339844,28.375083923339844,28.62158203125,25.71895217895508,26.700483322143555,454763455.0,43.765129602270065,-1.672713630395105
2021-12-03,32.67555618286133,32.67555618286133,33.507930755615234,27.76605987548828,28.38957023620605,1919513693.0,55.908119113893164,-1.2197673513606375
2021-12-04,28.125900268554688,28.125900268554688,32.937686920166016,22.126201629638672,32.824462890625,1869885910.0,44.86778583145128,-1.2139299424166587
2021-12-05,24.625228881835938,24.625228881835938,29.32912826538086,23.71162223815918,28.12550544738769,941384994.0,38.55989116363784,-1.4747783515302366
2021-12-06,24.417329788208008,24.417329788208008,24.84136009216309,22.08482360839844,24.610679626464844,825006223.0,38.21275957955207,-1.6789247154097104
2021-12-07,24.37664794921875,24.37664794921875,25.439388275146484,23.84833335876465,24.447452545166016,600099982.0,38.14232419923818,-1.8229806775091824
2021-12-08,25.24317169189453,25.24317169189453,26.03131675720215,22.942846298217773,24.331018447875977,587820645.0,40.702460455408726,-1.8459459255786896
2021-12-09,22.495830535888672,22.495830535888672,25.584726333618164,22.49295997619629,25.216419219970703,424937361.0,35.67618775648688,-2.06206333835636
2021-12-10,22.576282501220703,22.576282501220703,23.843141555786133,21.91967010498047,22.477081298828125,423735021.0,35.924079586853836,-2.2014689797556137
2021-12-11,24.412263870239254,24.412263870239254,24.727771759033203,22.085283279418945,22.59237289428711,485985233.0,41.50753299838911,-2.1391419060611767
2021-12-12,24.574207305908203,24.574207305908203,25.10028648376465,23.57622337341309,24.37120819091797,367811905.0,41.980973409184664,-2.053013902958771
2021-12-13,21.76056861877441,21.76056861877441,24.94704246520996,21.122289657592773,24.566648483276367,394006694.0,36.40748518361637,-2.1865883382144666
2021-12-14,21.21307373046875,21.21307373046875,22.152956008911133,21.03124618530273,21.75210189819336,377916756.0,35.41637987162338,-2.3099970938128074
2021-12-15,22.295862197875977,22.295862197875977,22.832189559936523,20.286291122436523,21.81172180175781,415771048.0,38.93189763454366,-2.293983824088844
2021-12-16,21.753646850585938,21.753646850585938,23.46834754943848,21.67546844482422,22.313735961914062,313875785.0,37.82328246872036,-2.2985491951819377
2021-12-17,21.217010498046875,21.217010498046875,22.05785369873047,20.472501754760746,21.7393856048584,266687808.0,36.697897502126324,-2.3187403579767185
2021-12-18,23.180322647094727,23.180322647094727,23.228105545043945,20.950063705444336,21.247053146362305,274203997.0,43.2930545618927,-2.1515177601514104
2021-12-19,22.1431827545166,22.1431827545166,23.7030086517334,22.076404571533203,23.113874435424805,273359311.0,40.860446894676706,-2.078718989637512
2021-12-20,21.50616455078125,21.50616455078125,22.42968368530273,20.733930587768555,22.16478157043457,287089975.0,39.39351518572652,-2.0488100775426936
2021-12-21,23.59488296508789,23.59488296508789,23.684476852416992,21.498884201049805,21.50735282897949,303747135.0,46.18772747475847,-1.8354074942468763
2021-12-22,27.29343605041504,27.29343605041504,28.414867401123047,23.403438568115234,23.634965896606445,896203360.0,55.663624361816645,-1.3522541416186762
2021-12-23,28.34587860107422,28.34587860107422,28.84262084960937,26.457904815673828,27.38567543029785,713669719.0,57.92778199612786,-0.8743493554144415
2021-12-24,26.895191192626957,26.895191192626957,29.70395851135254,26.7851505279541,28.377450942993164,472841600.0,53.83888722997718,-0.6056827850688613
2021-12-25,29.61705017089844,29.61705017089844,29.61705017089844,26.69746398925781,26.92250633239746,418385190.0,59.59976324831354,-0.1711583139095687
2021-12-26,32.204071044921875,32.204071044921875,32.24700927734375,28.651687622070312,29.67043876647949,884245000.0,64.18341839988662,0.3776036442018267
2021-12-27,29.63511276245117,29.63511276245117,32.64008712768555,29.56352806091309,32.15341567993164,706596846.0,57.243245108302695,0.5983110288019589
2021-12-28,26.62706184387207,26.62706184387207,29.68794250488281,26.25506591796875,29.68794250488281,895845670.0,50.37312373732588,0.5244530827324851
2021-12-29,27.964523315429688,27.964523315429688,28.092958450317383,25.25789451599121,26.64479637145996,861040782.0,53.07324737939234,0.5673025804634726
2021-12-30,30.256614685058597,30.256614685058597,30.504196166992188,26.503286361694336,27.97173309326172,1013771529.0,57.34451661014935,0.7772540331807889
2021-12-31,32.46974182128906,32.46974182128906,33.14555740356445,30.184083938598636,30.211715698242188,1378751717.0,61.03088290465341,1.1094340707277723
2022-01-01,36.17046356201172,36.17046356201172,36.96764373779297,32.42329788208008,32.48585891723633,1696613128.0,66.2843842519893,1.6522602325019733
2022-01-02,35.60345458984375,35.60345458984375,36.72237396240234,34.3216438293457,36.15985107421875,1034179140.0,64.83430755471711,2.0134907234911275
2022-01-03,39.30006790161133,39.30006790161133,39.69389724731445,34.28048324584961,35.598411560058594,1795780448.0,69.49883568857831,2.56844683419639
2022-01-04,41.98712539672852,41.98712539672852,43.73703002929688,37.58324813842773,39.28620910644531,2403416505.0,72.36848292570279,3.1883236232859744
2022-01-05,38.79335784912109,38.79335784912109,43.126426696777344,34.89481735229492,42.01914978027344,2126055057.0,64.60588229778487,3.3828744243500246
2022-01-06,40.17052459716797,40.17052459716797,41.230712890625,35.6776008605957,38.786869049072266,2168838735.0,66.29043280870255,3.606608445833011
2022-01-07,38.53058624267578,38.53058624267578,44.52104949951172,38.26222610473633,40.16700744628906,3382449350.0,62.48438787167202,3.6099763894190673
2022-01-08,35.912715911865234,35.912715911865234,40.18681335449219,34.32814407348633,38.55174255371094,1988345348.0,56.867104893758246,3.3626427987233285
2022-01-09,34.975589752197266,34.975589752197266,37.97568130493164,34.199161529541016,35.897064208984375,1912882458.0,54.95813952010015,3.055785701552601
2022-01-10,37.852783203125,37.852783203125,38.0035400390625,33.040985107421875,34.97201156616211,2318687556.0,59.44954236163811,3.0100665337401082
2022-01-11,38.73768615722656,38.73768615722656,39.619266510009766,36.3664436340332,37.85439682006836,2134035982.0,60.73783578958494,3.0105344694422413
2022-01-12,40.18940353393555,40.18940353393555,42.24586486816406,38.71011734008789,38.73794555664063,2160494705.0,62.83313009376468,3.0923995149925787
2022-01-13,37.63064193725586,37.63064193725586,41.20634460449219,37.63064193725586,40.18931198120117,1745890552.0,57.044918391906855,2.917180041372461
2022-01-14,40.46148681640625,40.46148681640625,40.73932647705078,36.790069580078125,37.6286735534668,1624425562.0,61.29021135243193,2.9724779935240093
2022-01-15,39.22325897216797,39.22325897216797,40.84369659423828,39.22325897216797,40.466285705566406,988922794.0,58.559292045881335,2.88315219645537
2022-01-16,43.605411529541016,43.605411529541016,43.72795867919922,38.982887268066406,39.21824645996094,1436950247.0,64.56527297659869,3.129884585705355
2022-01-17,39.20908737182617,39.20908737182617,44.33217239379883,38.258487701416016,43.61285400390625,1545375630.0,55.81414023570207,2.936821315861792
2022-01-18,38.31423568725586,38.31423568725586,40.018653869628906,36.49232864379883,39.20672225952149,1402105545.0,54.21349638485576,2.6807086901113735
2022-01-19,37.11527633666992,37.11527633666992,38.75289916992188,35.55472183227539,38.3159294128418,1134981357.0,52.046213827446635,2.3538577822532076
2022-01-20,39.05818557739258,39.05818557739258,42.0095100402832,37.04050827026367,37.12473678588867,1290031111.0,55.1666444466992,2.2259433319689563
2022-01-21,34.41797637939453,34.41797637939453,40.76854705810547,32.48249435424805,39.07262802124024,2954828732.0,47.247607266072905,1.7301994439347936
2022-01-22,29.150390625,29.150390625,34.835575103759766,27.749845504760746,34.43950653076172,2165872016.0,40.190917122995565,0.9018724692676159
2022-01-23,34.3968505859375,34.3968505859375,34.42604064941406,29.191743850708008,29.191743850708008,2143796616.0,48.450843286491015,0.6611416174035227
2022-01-24,35.906700134277344,35.906700134277344,36.91653823852539,30.10612678527832,34.41779708862305,3921084163.0,50.565507563925365,0.5854442858402109
2022-01-25,35.8002815246582,35.8002815246582,37.0858039855957,35.05751037597656,35.89569091796875,2514518995.0,50.40329696406236,0.5109762961176756
2022-01-26,32.34507369995117,32.34507369995117,35.8638916015625,31.507871627807617,35.791805267333984,2401696392.0,45.463020608634885,0.171180223610655
2022-01-27,30.092172622680664,30.092172622680664,32.83559036254883,28.73824691772461,32.34038543701172,1453312448.0,42.54283895057253,-0.27671114675244723
2022-01-28,29.457887649536133,29.457887649536133,30.24093437194824,27.845117568969727,30.0831298828125,1233883437.0,41.73450729479942,-0.6750680171538406
2022-01-29,29.065109252929688,29.065109252929688,30.15426254272461,28.52446746826172,29.46138381958008,891306136.0,41.21247121822209,-1.010810645064801
2022-01-30,27.15929412841797,27.15929412841797,29.149822235107425,26.570161819458008,29.06867027282715,779886725.0,38.66187571167803,-1.4143684900265754
2022-01-31,28.137527465820312,28.137527465820312,28.86494255065918,25.64969062805176,27.164283752441406,899819138.0,40.69010694447111,-1.6363924215283312
2022-02-01,28.9361572265625,28.9361572265625,29.76689338684082,27.92954635620117,28.12899208068848,918688610.0,42.36550520522847,-1.7279860915456808
2022-02-02,26.375572204589844,26.375572204589844,28.96980094909668,26.32092666625977,28.93257522583008,658502563.0,38.60718548194729,-1.9843185573685318
2022-02-03,29.48150062561035,29.48150062561035,29.66958999633789,25.72122573852539,26.36665725708008,1048569003.0,44.99152593535667,-1.9147691501982642
2022-02-04,31.03297615051269,31.03297615051269,31.26313018798828,28.66743850708008,29.490367889404297,1126937840.0,47.89953709582113,-1.7146937135319291
2022-02-05,30.798967361450195,30.798967361450195,32.21426773071289,30.09376335144043,31.03734970092773,829252543.0,47.49827775519611,-1.5570661527238983
2022-02-06,31.25107955932617,31.25107955932617,31.92104721069336,30.28847885131836,30.799711227416992,684648763.0,48.408899449001474,-1.3797585020867729
2022-02-07,31.674352645874023,31.674352645874023,33.07175064086914,30.565593719482425,31.25874328613281,1093242287.0,49.29290428128647,-1.1913531335486063
2022-02-08,30.48045539855957,30.48045539855957,32.56734848022461,29.801532745361328,31.68671226501465,894342029.0,46.84376226342005,-1.1254050823879638
2022-02-09,30.902406692504883,30.902406692504883,31.43211936950684,29.718231201171875,30.46810340881348,651907951.0,47.82901046023533,-1.027251319911617
2022-02-10,29.139057159423828,29.139057159423828,31.09094619750977,28.8680477142334,30.90365982055664,885728741.0,44.137161898104644,-1.0793097158250866
2022-02-11,26.549461364746094,26.549461364746094,29.32869911193848,26.38580894470215,29.144983291625977,693840846.0,39.326453379662745,-1.3143738248389951
2022-02-12,27.043846130371094,27.043846130371094,28.29057502746582,26.187339782714844,26.556367874145508,706811854.0,40.64454701518681,-1.4441241417676771
2022-02-13,26.34610939025879,26.34610939025879,27.622411727905277,26.03146743774414,27.04408836364746,426643904.0,39.33005463164257,-1.5849830286949178
2022-02-14,27.18000030517578,27.18000030517578,27.30926513671875,25.49292755126953,26.31972312927246,589939993.0,41.73618651951029,-1.610758858246303
2022-02-15,28.938135147094727,28.938135147094727,29.126163482666016,27.1673641204834,27.178491592407227,714991210.0,46.574700999658674,-1.4723472973343803
2022-02-16,28.53370857238769,28.53370857238769,29.13934898376465,27.67561912536621,28.94483184814453,508331706.0,45.64689665408072,-1.379388253606976
2022-02-17,27.99458694458008,27.99458694458008,30.785982131958008,27.62933158874512,28.51777648925781,1377969621.0,44.362092874898806,-1.3338444232341793
2022-02-18,26.95960807800293,26.95960807800293,28.983200073242188,26.814014434814453,28.02590560913086,846780032.0,41.937408115571145,-1.365523845509692
2022-02-19,26.688852310180664,26.688852310180664,27.38496208190918,26.20319366455078,26.954002380371094,365234097.0,41.30016339139805,-1.396381131101574
2022-02-20,26.241548538208008,26.241548538208008,26.7618408203125,25.54030036926269,26.68492126464844,542302454.0,40.20367546445968,-1.440326244003554
2022-02-21,23.84041976928711,23.84041976928711,27.27621078491211,23.804908752441406,26.23095321655273,922806986.0,34.88424832149826,-1.6498852371711195
2022-02-22,24.861736297607425,24.861736297607425,24.945188522338867,23.21666717529297,23.83935165405273,704566874.0,38.60237588372305,-1.7137949789928513
2022-02-23,25.287458419799805,25.287458419799805,26.85587310791016,24.632970809936523,24.861326217651367,787914536.0,40.15379037556692,-1.7103755478350635
2022-02-24,24.945091247558597,24.945091247558597,25.48272132873535,21.750307083129883,25.28125,1378414997.0,39.308019767164616,-1.7155163884704585
2022-02-25,27.225927352905277,27.225927352905277,27.400043487548828,24.35009384155273,24.93635368347168,898558382.0,47.32116183730753,-1.5180470285591845
2022-02-26,29.807392120361328,29.807392120361328,30.286327362060547,27.2069149017334,27.232702255249023,1069523684.0,54.62219848626221,-1.1401060724947847
2022-02-27,26.75155639648437,26.75155639648437,29.878223419189453,26.482881546020508,29.80374336242676,966987913.0,46.406997143718804,-1.0747761951753105
2022-02-28,31.4260196685791,31.4260196685791,31.62139129638672,26.467180252075195,26.743927001953125,1391691707.0,57.02896509031999,-0.6384519995564837
2022-03-01,31.11798667907715,31.11798667907715,32.93581771850586,30.33050346374512,31.430089950561523,1404765269.0,56.232234064282245,-0.31389918449280785
2022-03-02,32.223838806152344,32.223838806152344,32.76131057739258,30.03124618530273,31.117706298828125,1364146090.0,58.469557471259634,0.03217340934931556
2022-03-03,34.11003875732422,34.11003875732422,34.303497314453125,31.381162643432617,32.230621337890625,1709347251.0,62.02875980758936,0.45341235038065975
2022-03-04,30.54886245727539,30.54886245727539,34.55590057373047,30.420713424682617,34.11323928833008,1563907659.0,52.84243462047325,0.4941933275337327
2022-03-05,30.98817443847656,30.98817443847656,31.614187240600582,29.710420608520508,30.556808471679688,947856664.0,53.75404617267358,0.5555572331764438
2022-03-06,28.128135681152344,28.128135681152344,30.98193359375,27.994314193725582,30.98193359375,831448318.0,47.34711568503495,0.36915199076608474
2022-03-07,28.40977668762207,28.40977668762207,29.44506454467773,27.26142692565918,28.13543128967285,1188033456.0,48.000568345626554,0.24136822596619112
2022-03-08,27.845691680908203,27.845691680908203,29.22652053833008,27.43958854675293,28.40775680541992,1032758545.0,46.75089481650971,0.09350387151655681
2022-03-09,30.10005187988281,30.10005187988281,31.21266746520996,27.855867385864254,27.856151580810547,1177826824.0,52.142068118329505,0.1564251610082117
2022-03-10,28.04538345336914,28.04538345336914,30.26678276062012,27.57670021057129,30.09715843200684,961279750.0,47.43031019256379,0.04003467104750058
2022-03-11,27.52890014648437,27.52890014648437,28.389144897460938,27.091693878173828,28.04772186279297,726368611.0,46.28770926688902,-0.09281164238885253
2022-03-12,27.219018936157227,27.219018936157227,28.227277755737305,27.21589469909668,27.52702522277832,364317099.0,45.58272100421577,-0.22055569798600771
2022-03-13,26.29718589782715,26.29718589782715,27.49559211730957,26.077882766723636,27.215070724487305,454952669.0,43.466868600640964,-0.3916631554518588
2022-03-14,26.839887619018555,26.839887619018555,27.120044708251957,25.86241912841797,26.296464920043945,605644543.0,45.07832843581705,-0.47796586197021895
2022-03-15,26.909143447875977,26.909143447875977,27.66617584228516,26.222806930541992,26.837160110473636,762055544.0,45.296011378738484,-0.5346103566615596
2022-03-16,29.000274658203125,29.000274658203125,29.01715850830078,26.60133171081543,26.910125732421875,982721763.0,51.4795667372193,-0.4060836350783994
2022-03-17,28.178936004638672,28.178936004638672,28.99494743347168,28.15391159057617,28.99494743347168,582547787.0,49.13293872564589,-0.36627822004740906
2022-03-18,28.6982479095459,28.6982479095459,28.75613212585449,27.255075454711918,28.175050735473636,689919140.0,50.66863960870447,-0.28949093984480356
2022-03-19,28.64487838745117,28.64487838745117,29.389015197753903,28.412109375,28.689098358154297,654357209.0,50.51073129841058,-0.23028832105151764
2022-03-20,27.794452667236328,27.794452667236328,28.795635223388672,27.56293487548828,28.646223068237305,445564925.0,47.784359290361955,-0.24912036297076767
2022-03-21,27.984760284423828,27.984760284423828,28.35187149047852,27.630023956298828,27.79289436340332,520603665.0,48.4541125524999,-0.24585459885298988
2022-03-22,28.044509887695312,28.044509887695312,28.89861297607422,27.688692092895508,27.980619430541992,767516703.0,48.67798480037164,-0.2357278398233582
2022-03-23,28.21002197265625,28.21002197265625,28.277809143066406,27.32394027709961,28.046112060546875,716314173.0,49.34922001229738,-0.21190416896481423
2022-03-24,29.19333839416504,29.19333839416504,29.40063095092773,28.08930015563965,28.210166931152344,901761558.0,53.15299402963743,-0.1123828414314687
2022-03-25,28.131601333618164,28.131601333618164,29.93572235107422,27.78816032409668,29.20364761352539,817208246.0,48.87735766080693,-0.11782654871898046
2022-03-26,28.81896209716797,28.81896209716797,28.92669105529785,28.056819915771484,28.131820678710938,392827677.0,51.606272681087994,-0.06591661119702863
2022-03-27,29.89373207092285,29.89373207092285,29.89373207092285,28.21127319335937,28.81524658203125,473708116.0,55.56722426513631,0.06124139030856668
2022-03-28,29.455869674682617,29.455869674682617,31.401763916015625,29.396730422973636,29.9040641784668,1017830865.0,53.62356675566683,0.12523950357943647
2022-03-29,30.26768112182617,30.26768112182617,31.58840560913086,29.42750740051269,29.440332412719727,1138906636.0,56.63100955463235,0.23871313222670665
2022-03-30,30.10300636291504,30.10300636291504,31.265256881713867,29.550254821777344,30.23504638671875,910764710.0,55.860418674397394,0.31176014675542163
2022-03-31,28.895994186401367,28.895994186401367,31.250383377075195,28.632604598999023,30.08133125305176,1024014870.0,50.28753497581467,0.2691520198779074
2022-04-01,29.387046813964844,29.387046813964844,29.643394470214844,27.790639877319336,28.905134201049805,698097656.0,52.36025486995778,0.2718746141826074
2022-04-02,31.389738082885746,31.389738082885746,32.72895431518555,29.3007926940918,29.390953063964844,1252295352.0,59.7389420552159,0.4306682623502667
2022-04-03,31.96029663085937,31.96029663085937,33.22416687011719,30.667621612548828,31.37834930419922,1428764358.0,61.566009950903464,0.5956859818373488
2022-04-04,30.89144325256348,30.89144325256348,32.481422424316406,30.25142288208008,31.965967178344727,936653449.0,56.39250907172094,0.6329202677043391
2022-04-05,29.325708389282227,29.325708389282227,31.142305374145508,29.311546325683597,30.889055252075195,795258325.0,49.78224841804399,0.5299777359970186
2022-04-06,26.897235870361328,26.897235870361328,29.412044525146484,26.87511444091797,29.32242202758789,842571602.0,41.64541123011869,0.2495608194919292
2022-04-07,27.722087860107425,27.722087860107425,27.868305206298828,26.5755558013916,26.90650749206543,544516342.0,44.9172293816229,0.09281711691649619
2022-04-08,26.87295150756836,26.87295150756836,28.882198333740234,26.74882698059082,27.722532272338867,688045408.0,42.27146479827817,-0.09878289603792823
2022-04-09,27.279664993286133,27.279664993286133,27.381420135498047,26.7250919342041,26.872333526611328,358630764.0,43.98537967963482,-0.2153267546653339
2022-04-10,26.590843200683597,26.590843200683597,27.393779754638672,26.525758743286133,27.27959251403809,283931610.0,41.739453941184884,-0.3591309264509306
2022-04-11,23.785768508911133,23.785768508911133,26.575197219848636,23.49188995361328,26.575197219848636,663567606.0,34.10257175212291,-0.6914719945559575
2022-04-12,24.64593505859375,24.64593505859375,25.368671417236328,23.769428253173828,23.8002872467041,549979865.0,37.85043906867932,-0.8753558759221853
2022-04-13,24.70343589782715,24.70343589782715,25.112703323364254,24.223676681518555,24.643335342407227,399231522.0,38.11488653815869,-1.0048619168722972
2022-04-14,23.97237014770508,23.97237014770508,25.094820022583008,23.836589813232425,24.702539443969727,535354616.0,36.10213340857572,-1.1531939812518104
2022-04-15,24.10903549194336,24.10903549194336,24.357179641723636,23.859619140625,23.973602294921875,355138796.0,36.7915172566454,-1.245364671111318
2022-04-16,24.19686508178711,24.19686508178711,24.410341262817383,23.944374084472656,24.108985900878903,228003925.0,37.26013366579566,-1.2963796355309611
2022-04-17,23.29709815979004,23.29709815979004,24.44759559631348,23.197654724121094,24.19327735900879,283055570.0,34.505198752434296,-1.3933513463263907
2022-04-18,24.05558586120605,24.05558586120605,24.084157943725582,22.56448554992676,23.298583984375,487936475.0,38.63156478932542,-1.3929415441719435
2022-04-19,24.646390914916992,24.646390914916992,24.674861907958984,23.808195114135746,24.05854797363281,389406669.0,41.702253496792686,-1.3296167485221773
2022-04-20,24.292837142944336,24.292837142944336,25.0589599609375,24.124866485595703,24.646303176879883,384292878.0,40.410482601449104,-1.2930546967200698
2022-04-21,23.30584526062012,23.30584526062012,24.913875579833984,23.07023048400879,24.290904998779297,441027946.0,36.9262069623554,-1.3284079436506069
2022-04-22,23.08993148803711,23.08993148803711,23.84569549560547,22.95743560791016,23.305814743041992,404175037.0,36.17966339270444,-1.3581916951139092
2022-04-23,23.271533966064453,23.271533966064453,23.45282554626465,22.864717483520508,23.08952140808105,262237459.0,37.29664430276978,-1.3515617677269773
2022-04-24,22.330360412597656,22.330360412597656,23.259838104248047,22.31555938720703,23.259838104248047,296530518.0,33.95450816579394,-1.4060443386522081
2022-04-25,22.133928298950195,22.133928298950195,22.330228805541992,20.94538116455078,22.330228805541992,515036727.0,33.271364855554594,-1.4483766145267367
